<?xml version="1.0" encoding="UTF-8"?>
<?xml-stylesheet type="text/css" href="xmlstyle.css"?>

<body>
	<song>
		<headings>
			<name>Song</name>
			<artist>Artist</artist>
			<album>Album</album>
			<art>Cover</art>
			<date>Date</date>
			<genre>Genre</genre>
			<link>Website</link>
		</headings>
	</song>
	<song>
		<name>Weight in Gold</name>
		<artist>Gallant</artist>
		<album>Weight in Gold</album>
		<art></art>
		<date>2015</date>
		<genre>Alt-R&amp;B</genre>
		<link xmlns:html="http://www.w3.org/1999/xhtml"><img src="gallant.jpg" alt=""/></link>
	</song>
	<song>
		<name>Aftergold</name>
		<artist>Big Wild</artist>
		<album>Aftergold</album>
		<art></art>
		<date>2015</date>
		<genre>Electronic</genre>
		<link></link>
	</song>
	<song>
		<name>The Real Slim Shady</name>
		<artist>Eminem</artist>
		<album>The Marshall Mathers LP</album>
		<art></art>
		<date>2000</date>
		<genre>Rap</genre>
		<link></link>
	</song>
	<song>
		<name>Klanga</name>
		<artist>Gostan</artist>
		<album>Klanga</album>
		<art></art>
		<date>2014</date>
		<genre>Electronic</genre>
		<link></link>
	</song>

</body>